<?xml version="1.0" encoding="utf-8" standalone="yes" ?>
<rss version="2.0" xmlns:atom="http://www.w3.org/2005/Atom">
  <channel>
    <title>Posts on She&#39;s Legendary Vermin</title>
    <link>/posts/</link>
    <description>Recent content in Posts on She&#39;s Legendary Vermin</description>
    <generator>Hugo -- gohugo.io</generator>
    <language>en-us</language>
    <lastBuildDate>Tue, 11 Jun 2019 20:11:55 -0700</lastBuildDate>
    
	<atom:link href="/posts/index.xml" rel="self" type="application/rss+xml" />
    
    
    <item>
      <title>Breath of the Wild is Good, Actually</title>
      <link>/posts/botw-is-good/</link>
      <pubDate>Mon, 17 Jun 2019 12:21:33 -0700</pubDate>
      
      <guid>/posts/botw-is-good/</guid>
      <description>That might be a really boring statement to you. You might agree completely with it. If so, this essay isn&amp;rsquo;t for you. On the other hand, if you didn&amp;rsquo;t like how weapons broke constantly, this essay is probably for you. If you felt like the story was too shallow to latch onto, this essay might be for you. If there was a moment in your play through where you got sick of dying all the time to basic enemies, this essay might be for you.</description>
    </item>
    
    <item>
      <title>The Corporate Web, or How I Dropped off Facebook and Learned to Make Again</title>
      <link>/posts/the-corporate-web/</link>
      <pubDate>Wed, 12 Jun 2019 12:06:04 -0700</pubDate>
      
      <guid>/posts/the-corporate-web/</guid>
      <description>Today, there are dozens of platforms out there owned and operated by huge corporations that sort and serve content to us as consumers. Facebook and Twitter make it easy to see what friends, family and celebrities think, feel, and do at any hour of the day; Youtube and Netflix categorize and serve up video that is tailored to our watching habits; and Spotify does the same when it comes to music.</description>
    </item>
    
    <item>
      <title>More_more_more_post</title>
      <link>/posts/more-more-more-post/</link>
      <pubDate>Sat, 08 Jun 2019 12:26:39 -0700</pubDate>
      
      <guid>/posts/more-more-more-post/</guid>
      <description>POST IT Lorem ipsum dolor sit amet, consectetur adipiscing elit, sed do eiusmod tempor incididunt ut labore et dolore magna aliqua. Ut enim ad minim veniam, quis nostrud exercitation ullamco laboris nisi ut aliquip ex ea commodo consequat. Duis aute irure dolor in reprehenderit in voluptate velit esse cillum dolore eu fugiat nulla pariatur. Excepteur sint occaecat cupidatat non proident, sunt in culpa qui officia deserunt mollit anim id est laborum.</description>
    </item>
    
    <item>
      <title>More more post</title>
      <link>/posts/more-more-post/</link>
      <pubDate>Sat, 08 Jun 2019 12:26:33 -0700</pubDate>
      
      <guid>/posts/more-more-post/</guid>
      <description>HO HO HO Lorem ipsum dolor sit amet, consectetur adipiscing elit, sed do eiusmod tempor incididunt ut labore et dolore magna aliqua. Ut enim ad minim veniam, quis nostrud exercitation ullamco laboris nisi ut aliquip ex ea commodo consequat. Duis aute irure dolor in reprehenderit in voluptate velit esse cillum dolore eu fugiat nulla pariatur. Excepteur sint occaecat cupidatat non proident, sunt in culpa qui officia deserunt mollit anim id est laborum.</description>
    </item>
    
    <item>
      <title>More_post</title>
      <link>/posts/more-post/</link>
      <pubDate>Sat, 08 Jun 2019 12:26:27 -0700</pubDate>
      
      <guid>/posts/more-post/</guid>
      <description>HA HA HA Lorem ipsum dolor sit amet, consectetur adipiscing elit, sed do eiusmod tempor incididunt ut labore et dolore magna aliqua. Ut enim ad minim veniam, quis nostrud exercitation ullamco laboris nisi ut aliquip ex ea commodo consequat. Duis aute irure dolor in reprehenderit in voluptate velit esse cillum dolore eu fugiat nulla pariatur. Excepteur sint occaecat cupidatat non proident, sunt in culpa qui officia deserunt mollit anim id est laborum.</description>
    </item>
    
    <item>
      <title>Another_post</title>
      <link>/posts/another-post/</link>
      <pubDate>Sat, 08 Jun 2019 12:26:07 -0700</pubDate>
      
      <guid>/posts/another-post/</guid>
      <description>A second thing Lorem ipsum dolor sit amet, consectetur adipiscing elit, sed do eiusmod tempor incididunt ut labore et dolore magna aliqua. Ut enim ad minim veniam, quis nostrud exercitation ullamco laboris nisi ut aliquip ex ea commodo consequat. Duis aute irure dolor in reprehenderit in voluptate velit esse cillum dolore eu fugiat nulla pariatur. Excepteur sint occaecat cupidatat non proident, sunt in culpa qui officia deserunt mollit anim id est laborum.</description>
    </item>
    
    <item>
      <title>My First Post</title>
      <link>/posts/my-first-post/</link>
      <pubDate>Thu, 06 Jun 2019 19:00:38 -0700</pubDate>
      
      <guid>/posts/my-first-post/</guid>
      <description>This is my site! I haven&amp;rsquo;t got much to say rn, but that is A OK.</description>
    </item>
    
  </channel>
</rss>